{"cameraMode":{"drawMode":0,"name":"Shaded","section":"Shading Mode"},"sceneLighting":true,"audioPlay":false,"sceneViewState":{"m_AlwaysRefresh":false,"showFog":true,"showSkybox":true,"showFlares":true,"showImageEffects":true,"showParticleSystems":true,"showVisualEffectGraphs":true,"m_FxEnabled":true},"in2DMode":false,"pivot":{"x":16.904518127441408,"y":3.3274314403533937,"z":-1.265799880027771},"rotation":{"x":0.008872400037944317,"y":-0.6258647441864014,"z":-0.007159262429922819,"w":-0.7798636555671692},"size":14.241174697875977,"orthographic":false}